code,effectif_train,support_validation,precision,rappel,f1
10,3116,623,0.5368,0.5152,0.5258
40,2508,502,0.7604,0.6892,0.7231
50,1681,336,0.8174,0.8393,0.8282
60,832,166,0.9267,0.8373,0.8797
1140,2671,534,0.7917,0.8184,0.8048
1160,3953,791,0.9338,0.9456,0.9397
1180,764,153,0.8381,0.5752,0.6822
1280,4870,974,0.7187,0.6663,0.6915
1281,2070,414,0.6479,0.5556,0.5982
1300,5045,1009,0.87,0.9613,0.9134
1301,807,161,0.9748,0.9627,0.9688
1302,2491,498,0.8289,0.8173,0.8231
1320,3241,648,0.879,0.841,0.8596
1560,5073,1015,0.855,0.8601,0.8576
1920,4303,861,0.9056,0.9245,0.9149
1940,803,161,0.9048,0.9441,0.924
2060,4993,999,0.8327,0.8368,0.8347
2220,824,165,0.9062,0.8788,0.8923
2280,4760,952,0.7091,0.8067,0.7548
2403,4774,955,0.7354,0.7246,0.73
2462,1421,284,0.8014,0.8239,0.8125
2522,4989,998,0.9378,0.9519,0.9448
2582,2589,518,0.8029,0.7548,0.7781
2583,10209,2042,0.9698,0.9897,0.9796
2585,2496,499,0.8443,0.8257,0.8349
2705,2761,552,0.7238,0.712,0.7178
2905,872,174,0.9942,0.9828,0.9884
